Supplier,Direction,SOC,TempLabel,TempC,DCR_mOhm,,AUTO-GENERATED — do not edit. Fill DCR_<Supplier> tabs; Save As CSV UTF-8 → dcr.csv
COSPOWER,Discharge,10%,-20°C,-20,,,
COSPOWER,Discharge,20%,-20°C,-20,,,
COSPOWER,Discharge,30%,-20°C,-20,,,
COSPOWER,Discharge,40%,-20°C,-20,,,
COSPOWER,Discharge,50%,-20°C,-20,,,
COSPOWER,Discharge,60%,-20°C,-20,,,
COSPOWER,Discharge,70%,-20°C,-20,,,
COSPOWER,Discharge,80%,-20°C,-20,,,
COSPOWER,Discharge,90%,-20°C,-20,,,
COSPOWER,Discharge,10%,-10°C,-10,,,
COSPOWER,Discharge,20%,-10°C,-10,,,
COSPOWER,Discharge,30%,-10°C,-10,,,
COSPOWER,Discharge,40%,-10°C,-10,,,
COSPOWER,Discharge,50%,-10°C,-10,,,
COSPOWER,Discharge,60%,-10°C,-10,,,
COSPOWER,Discharge,70%,-10°C,-10,,,
COSPOWER,Discharge,80%,-10°C,-10,,,
COSPOWER,Discharge,90%,-10°C,-10,,,
COSPOWER,Discharge,10%,0°C,0,,,
COSPOWER,Discharge,20%,0°C,0,,,
COSPOWER,Discharge,30%,0°C,0,,,
COSPOWER,Discharge,40%,0°C,0,,,
COSPOWER,Discharge,50%,0°C,0,,,
COSPOWER,Discharge,60%,0°C,0,,,
COSPOWER,Discharge,70%,0°C,0,,,
COSPOWER,Discharge,80%,0°C,0,,,
COSPOWER,Discharge,90%,0°C,0,,,
COSPOWER,Discharge,10%,25°C,25,,,
COSPOWER,Discharge,20%,25°C,25,,,
COSPOWER,Discharge,30%,25°C,25,,,
COSPOWER,Discharge,40%,25°C,25,,,
COSPOWER,Discharge,50%,25°C,25,,,
COSPOWER,Discharge,60%,25°C,25,,,
COSPOWER,Discharge,70%,25°C,25,,,
COSPOWER,Discharge,80%,25°C,25,,,
COSPOWER,Discharge,90%,25°C,25,,,
COSPOWER,Discharge,10%,45°C,45,,,
COSPOWER,Discharge,20%,45°C,45,,,
COSPOWER,Discharge,30%,45°C,45,,,
COSPOWER,Discharge,40%,45°C,45,,,
COSPOWER,Discharge,50%,45°C,45,,,
COSPOWER,Discharge,60%,45°C,45,,,
COSPOWER,Discharge,70%,45°C,45,,,
COSPOWER,Discharge,80%,45°C,45,,,
COSPOWER,Discharge,90%,45°C,45,,,
COSPOWER,Charge,10%,-20°C,-20,,,
COSPOWER,Charge,20%,-20°C,-20,,,
COSPOWER,Charge,30%,-20°C,-20,,,
COSPOWER,Charge,40%,-20°C,-20,,,
COSPOWER,Charge,50%,-20°C,-20,,,
COSPOWER,Charge,60%,-20°C,-20,,,
COSPOWER,Charge,70%,-20°C,-20,,,
COSPOWER,Charge,80%,-20°C,-20,,,
COSPOWER,Charge,90%,-20°C,-20,,,
COSPOWER,Charge,10%,-10°C,-10,,,
COSPOWER,Charge,20%,-10°C,-10,,,
COSPOWER,Charge,30%,-10°C,-10,,,
COSPOWER,Charge,40%,-10°C,-10,,,
COSPOWER,Charge,50%,-10°C,-10,,,
COSPOWER,Charge,60%,-10°C,-10,,,
COSPOWER,Charge,70%,-10°C,-10,,,
COSPOWER,Charge,80%,-10°C,-10,,,
COSPOWER,Charge,90%,-10°C,-10,,,
COSPOWER,Charge,10%,0°C,0,,,
COSPOWER,Charge,20%,0°C,0,,,
COSPOWER,Charge,30%,0°C,0,,,
COSPOWER,Charge,40%,0°C,0,,,
COSPOWER,Charge,50%,0°C,0,,,
COSPOWER,Charge,60%,0°C,0,,,
COSPOWER,Charge,70%,0°C,0,,,
COSPOWER,Charge,80%,0°C,0,,,
COSPOWER,Charge,90%,0°C,0,,,
COSPOWER,Charge,10%,25°C,25,,,
COSPOWER,Charge,20%,25°C,25,,,
COSPOWER,Charge,30%,25°C,25,,,
COSPOWER,Charge,40%,25°C,25,,,
COSPOWER,Charge,50%,25°C,25,,,
COSPOWER,Charge,60%,25°C,25,,,
COSPOWER,Charge,70%,25°C,25,,,
COSPOWER,Charge,80%,25°C,25,,,
COSPOWER,Charge,90%,25°C,25,,,
COSPOWER,Charge,10%,45°C,45,,,
COSPOWER,Charge,20%,45°C,45,,,
COSPOWER,Charge,30%,45°C,45,,,
COSPOWER,Charge,40%,45°C,45,,,
COSPOWER,Charge,50%,45°C,45,,,
COSPOWER,Charge,60%,45°C,45,,,
COSPOWER,Charge,70%,45°C,45,,,
COSPOWER,Charge,80%,45°C,45,,,
COSPOWER,Charge,90%,45°C,45,,,
EVE,Discharge,10%,-20°C,-20,,,
EVE,Discharge,20%,-20°C,-20,,,
EVE,Discharge,30%,-20°C,-20,,,
EVE,Discharge,40%,-20°C,-20,,,
EVE,Discharge,50%,-20°C,-20,,,
EVE,Discharge,60%,-20°C,-20,,,
EVE,Discharge,70%,-20°C,-20,,,
EVE,Discharge,80%,-20°C,-20,,,
EVE,Discharge,90%,-20°C,-20,,,
EVE,Discharge,10%,-10°C,-10,,,
EVE,Discharge,20%,-10°C,-10,,,
EVE,Discharge,30%,-10°C,-10,,,
EVE,Discharge,40%,-10°C,-10,,,
EVE,Discharge,50%,-10°C,-10,,,
EVE,Discharge,60%,-10°C,-10,,,
EVE,Discharge,70%,-10°C,-10,,,
EVE,Discharge,80%,-10°C,-10,,,
EVE,Discharge,90%,-10°C,-10,,,
EVE,Discharge,10%,0°C,0,,,
EVE,Discharge,20%,0°C,0,,,
EVE,Discharge,30%,0°C,0,,,
EVE,Discharge,40%,0°C,0,,,
EVE,Discharge,50%,0°C,0,,,
EVE,Discharge,60%,0°C,0,,,
EVE,Discharge,70%,0°C,0,,,
EVE,Discharge,80%,0°C,0,,,
EVE,Discharge,90%,0°C,0,,,
EVE,Discharge,10%,25°C,25,,,
EVE,Discharge,20%,25°C,25,,,
EVE,Discharge,30%,25°C,25,,,
EVE,Discharge,40%,25°C,25,,,
EVE,Discharge,50%,25°C,25,,,
EVE,Discharge,60%,25°C,25,,,
EVE,Discharge,70%,25°C,25,,,
EVE,Discharge,80%,25°C,25,,,
EVE,Discharge,90%,25°C,25,,,
EVE,Discharge,10%,45°C,45,,,
EVE,Discharge,20%,45°C,45,,,
EVE,Discharge,30%,45°C,45,,,
EVE,Discharge,40%,45°C,45,,,
EVE,Discharge,50%,45°C,45,,,
EVE,Discharge,60%,45°C,45,,,
EVE,Discharge,70%,45°C,45,,,
EVE,Discharge,80%,45°C,45,,,
EVE,Discharge,90%,45°C,45,,,
EVE,Charge,10%,-20°C,-20,,,
EVE,Charge,20%,-20°C,-20,,,
EVE,Charge,30%,-20°C,-20,,,
EVE,Charge,40%,-20°C,-20,,,
EVE,Charge,50%,-20°C,-20,,,
EVE,Charge,60%,-20°C,-20,,,
EVE,Charge,70%,-20°C,-20,,,
EVE,Charge,80%,-20°C,-20,,,
EVE,Charge,90%,-20°C,-20,,,
EVE,Charge,10%,-10°C,-10,,,
EVE,Charge,20%,-10°C,-10,,,
EVE,Charge,30%,-10°C,-10,,,
EVE,Charge,40%,-10°C,-10,,,
EVE,Charge,50%,-10°C,-10,,,
EVE,Charge,60%,-10°C,-10,,,
EVE,Charge,70%,-10°C,-10,,,
EVE,Charge,80%,-10°C,-10,,,
EVE,Charge,90%,-10°C,-10,,,
EVE,Charge,10%,0°C,0,,,
EVE,Charge,20%,0°C,0,,,
EVE,Charge,30%,0°C,0,,,
EVE,Charge,40%,0°C,0,,,
EVE,Charge,50%,0°C,0,,,
EVE,Charge,60%,0°C,0,,,
EVE,Charge,70%,0°C,0,,,
EVE,Charge,80%,0°C,0,,,
EVE,Charge,90%,0°C,0,,,
EVE,Charge,10%,25°C,25,,,
EVE,Charge,20%,25°C,25,,,
EVE,Charge,30%,25°C,25,,,
EVE,Charge,40%,25°C,25,,,
EVE,Charge,50%,25°C,25,,,
EVE,Charge,60%,25°C,25,,,
EVE,Charge,70%,25°C,25,,,
EVE,Charge,80%,25°C,25,,,
EVE,Charge,90%,25°C,25,,,
EVE,Charge,10%,45°C,45,,,
EVE,Charge,20%,45°C,45,,,
EVE,Charge,30%,45°C,45,,,
EVE,Charge,40%,45°C,45,,,
EVE,Charge,50%,45°C,45,,,
EVE,Charge,60%,45°C,45,,,
EVE,Charge,70%,45°C,45,,,
EVE,Charge,80%,45°C,45,,,
EVE,Charge,90%,45°C,45,,,
HITHIUM,Discharge,10%,-20°C,-20,,,
HITHIUM,Discharge,20%,-20°C,-20,,,
HITHIUM,Discharge,30%,-20°C,-20,,,
HITHIUM,Discharge,40%,-20°C,-20,,,
HITHIUM,Discharge,50%,-20°C,-20,,,
HITHIUM,Discharge,60%,-20°C,-20,,,
HITHIUM,Discharge,70%,-20°C,-20,,,
HITHIUM,Discharge,80%,-20°C,-20,,,
HITHIUM,Discharge,90%,-20°C,-20,,,
HITHIUM,Discharge,10%,-10°C,-10,,,
HITHIUM,Discharge,20%,-10°C,-10,,,
HITHIUM,Discharge,30%,-10°C,-10,,,
HITHIUM,Discharge,40%,-10°C,-10,,,
HITHIUM,Discharge,50%,-10°C,-10,,,
HITHIUM,Discharge,60%,-10°C,-10,,,
HITHIUM,Discharge,70%,-10°C,-10,,,
HITHIUM,Discharge,80%,-10°C,-10,,,
HITHIUM,Discharge,90%,-10°C,-10,,,
HITHIUM,Discharge,10%,0°C,0,,,
HITHIUM,Discharge,20%,0°C,0,,,
HITHIUM,Discharge,30%,0°C,0,,,
HITHIUM,Discharge,40%,0°C,0,,,
HITHIUM,Discharge,50%,0°C,0,,,
HITHIUM,Discharge,60%,0°C,0,,,
HITHIUM,Discharge,70%,0°C,0,,,
HITHIUM,Discharge,80%,0°C,0,,,
HITHIUM,Discharge,90%,0°C,0,,,
HITHIUM,Discharge,10%,25°C,25,0.514,,
HITHIUM,Discharge,20%,25°C,25,0.4723,,
HITHIUM,Discharge,30%,25°C,25,0.4608,,
HITHIUM,Discharge,40%,25°C,25,0.4443,,
HITHIUM,Discharge,50%,25°C,25,0.4287,,
HITHIUM,Discharge,60%,25°C,25,0.4822,,
HITHIUM,Discharge,70%,25°C,25,0.4637,,
HITHIUM,Discharge,80%,25°C,25,0.443,,
HITHIUM,Discharge,90%,25°C,25,0.4194,,
HITHIUM,Discharge,10%,45°C,45,,,
HITHIUM,Discharge,20%,45°C,45,,,
HITHIUM,Discharge,30%,45°C,45,,,
HITHIUM,Discharge,40%,45°C,45,,,
HITHIUM,Discharge,50%,45°C,45,,,
HITHIUM,Discharge,60%,45°C,45,,,
HITHIUM,Discharge,70%,45°C,45,,,
HITHIUM,Discharge,80%,45°C,45,,,
HITHIUM,Discharge,90%,45°C,45,,,
HITHIUM,Charge,10%,-20°C,-20,,,
HITHIUM,Charge,20%,-20°C,-20,,,
HITHIUM,Charge,30%,-20°C,-20,,,
HITHIUM,Charge,40%,-20°C,-20,,,
HITHIUM,Charge,50%,-20°C,-20,,,
HITHIUM,Charge,60%,-20°C,-20,,,
HITHIUM,Charge,70%,-20°C,-20,,,
HITHIUM,Charge,80%,-20°C,-20,,,
HITHIUM,Charge,90%,-20°C,-20,,,
HITHIUM,Charge,10%,-10°C,-10,,,
HITHIUM,Charge,20%,-10°C,-10,,,
HITHIUM,Charge,30%,-10°C,-10,,,
HITHIUM,Charge,40%,-10°C,-10,,,
HITHIUM,Charge,50%,-10°C,-10,,,
HITHIUM,Charge,60%,-10°C,-10,,,
HITHIUM,Charge,70%,-10°C,-10,,,
HITHIUM,Charge,80%,-10°C,-10,,,
HITHIUM,Charge,90%,-10°C,-10,,,
HITHIUM,Charge,10%,0°C,0,,,
HITHIUM,Charge,20%,0°C,0,,,
HITHIUM,Charge,30%,0°C,0,,,
HITHIUM,Charge,40%,0°C,0,,,
HITHIUM,Charge,50%,0°C,0,,,
HITHIUM,Charge,60%,0°C,0,,,
HITHIUM,Charge,70%,0°C,0,,,
HITHIUM,Charge,80%,0°C,0,,,
HITHIUM,Charge,90%,0°C,0,,,
HITHIUM,Charge,10%,25°C,25,0.451,,
HITHIUM,Charge,20%,25°C,25,0.4478,,
HITHIUM,Charge,30%,25°C,25,0.4392,,
HITHIUM,Charge,40%,25°C,25,0.4468,,
HITHIUM,Charge,50%,25°C,25,0.4592,,
HITHIUM,Charge,60%,25°C,25,0.4927,,
HITHIUM,Charge,70%,25°C,25,0.4424,,
HITHIUM,Charge,80%,25°C,25,0.4433,,
HITHIUM,Charge,90%,25°C,25,0.4452,,
HITHIUM,Charge,10%,45°C,45,,,
HITHIUM,Charge,20%,45°C,45,,,
HITHIUM,Charge,30%,45°C,45,,,
HITHIUM,Charge,40%,45°C,45,,,
HITHIUM,Charge,50%,45°C,45,,,
HITHIUM,Charge,60%,45°C,45,,,
HITHIUM,Charge,70%,45°C,45,,,
HITHIUM,Charge,80%,45°C,45,,,
HITHIUM,Charge,90%,45°C,45,,,
YOUNGY ENERGY,Discharge,10%,-20°C,-20,,,
YOUNGY ENERGY,Discharge,20%,-20°C,-20,,,
YOUNGY ENERGY,Discharge,30%,-20°C,-20,,,
YOUNGY ENERGY,Discharge,40%,-20°C,-20,,,
YOUNGY ENERGY,Discharge,50%,-20°C,-20,,,
YOUNGY ENERGY,Discharge,60%,-20°C,-20,,,
YOUNGY ENERGY,Discharge,70%,-20°C,-20,,,
YOUNGY ENERGY,Discharge,80%,-20°C,-20,,,
YOUNGY ENERGY,Discharge,90%,-20°C,-20,,,
YOUNGY ENERGY,Discharge,10%,-10°C,-10,,,
YOUNGY ENERGY,Discharge,20%,-10°C,-10,,,
YOUNGY ENERGY,Discharge,30%,-10°C,-10,,,
YOUNGY ENERGY,Discharge,40%,-10°C,-10,,,
YOUNGY ENERGY,Discharge,50%,-10°C,-10,,,
YOUNGY ENERGY,Discharge,60%,-10°C,-10,,,
YOUNGY ENERGY,Discharge,70%,-10°C,-10,,,
YOUNGY ENERGY,Discharge,80%,-10°C,-10,,,
YOUNGY ENERGY,Discharge,90%,-10°C,-10,,,
YOUNGY ENERGY,Discharge,10%,0°C,0,,,
YOUNGY ENERGY,Discharge,20%,0°C,0,,,
YOUNGY ENERGY,Discharge,30%,0°C,0,,,
YOUNGY ENERGY,Discharge,40%,0°C,0,,,
YOUNGY ENERGY,Discharge,50%,0°C,0,,,
YOUNGY ENERGY,Discharge,60%,0°C,0,,,
YOUNGY ENERGY,Discharge,70%,0°C,0,,,
YOUNGY ENERGY,Discharge,80%,0°C,0,,,
YOUNGY ENERGY,Discharge,90%,0°C,0,,,
YOUNGY ENERGY,Discharge,10%,25°C,25,,,
YOUNGY ENERGY,Discharge,20%,25°C,25,,,
YOUNGY ENERGY,Discharge,30%,25°C,25,,,
YOUNGY ENERGY,Discharge,40%,25°C,25,,,
YOUNGY ENERGY,Discharge,50%,25°C,25,,,
YOUNGY ENERGY,Discharge,60%,25°C,25,,,
YOUNGY ENERGY,Discharge,70%,25°C,25,,,
YOUNGY ENERGY,Discharge,80%,25°C,25,,,
YOUNGY ENERGY,Discharge,90%,25°C,25,,,
YOUNGY ENERGY,Discharge,10%,45°C,45,,,
YOUNGY ENERGY,Discharge,20%,45°C,45,,,
YOUNGY ENERGY,Discharge,30%,45°C,45,,,
YOUNGY ENERGY,Discharge,40%,45°C,45,,,
YOUNGY ENERGY,Discharge,50%,45°C,45,,,
YOUNGY ENERGY,Discharge,60%,45°C,45,,,
YOUNGY ENERGY,Discharge,70%,45°C,45,,,
YOUNGY ENERGY,Discharge,80%,45°C,45,,,
YOUNGY ENERGY,Discharge,90%,45°C,45,,,
YOUNGY ENERGY,Charge,10%,-20°C,-20,,,
YOUNGY ENERGY,Charge,20%,-20°C,-20,,,
YOUNGY ENERGY,Charge,30%,-20°C,-20,,,
YOUNGY ENERGY,Charge,40%,-20°C,-20,,,
YOUNGY ENERGY,Charge,50%,-20°C,-20,,,
YOUNGY ENERGY,Charge,60%,-20°C,-20,,,
YOUNGY ENERGY,Charge,70%,-20°C,-20,,,
YOUNGY ENERGY,Charge,80%,-20°C,-20,,,
YOUNGY ENERGY,Charge,90%,-20°C,-20,,,
YOUNGY ENERGY,Charge,10%,-10°C,-10,,,
YOUNGY ENERGY,Charge,20%,-10°C,-10,,,
YOUNGY ENERGY,Charge,30%,-10°C,-10,,,
YOUNGY ENERGY,Charge,40%,-10°C,-10,,,
YOUNGY ENERGY,Charge,50%,-10°C,-10,,,
YOUNGY ENERGY,Charge,60%,-10°C,-10,,,
YOUNGY ENERGY,Charge,70%,-10°C,-10,,,
YOUNGY ENERGY,Charge,80%,-10°C,-10,,,
YOUNGY ENERGY,Charge,90%,-10°C,-10,,,
YOUNGY ENERGY,Charge,10%,0°C,0,,,
YOUNGY ENERGY,Charge,20%,0°C,0,,,
YOUNGY ENERGY,Charge,30%,0°C,0,,,
YOUNGY ENERGY,Charge,40%,0°C,0,,,
YOUNGY ENERGY,Charge,50%,0°C,0,,,
YOUNGY ENERGY,Charge,60%,0°C,0,,,
YOUNGY ENERGY,Charge,70%,0°C,0,,,
YOUNGY ENERGY,Charge,80%,0°C,0,,,
YOUNGY ENERGY,Charge,90%,0°C,0,,,
YOUNGY ENERGY,Charge,10%,25°C,25,,,
YOUNGY ENERGY,Charge,20%,25°C,25,,,
YOUNGY ENERGY,Charge,30%,25°C,25,,,
YOUNGY ENERGY,Charge,40%,25°C,25,,,
YOUNGY ENERGY,Charge,50%,25°C,25,,,
YOUNGY ENERGY,Charge,60%,25°C,25,,,
YOUNGY ENERGY,Charge,70%,25°C,25,,,
YOUNGY ENERGY,Charge,80%,25°C,25,,,
YOUNGY ENERGY,Charge,90%,25°C,25,,,
YOUNGY ENERGY,Charge,10%,45°C,45,,,
YOUNGY ENERGY,Charge,20%,45°C,45,,,
YOUNGY ENERGY,Charge,30%,45°C,45,,,
YOUNGY ENERGY,Charge,40%,45°C,45,,,
YOUNGY ENERGY,Charge,50%,45°C,45,,,
YOUNGY ENERGY,Charge,60%,45°C,45,,,
YOUNGY ENERGY,Charge,70%,45°C,45,,,
YOUNGY ENERGY,Charge,80%,45°C,45,,,
YOUNGY ENERGY,Charge,90%,45°C,45,,,
GREAT POWER,Discharge,10%,-20°C,-20,,,
GREAT POWER,Discharge,20%,-20°C,-20,,,
GREAT POWER,Discharge,30%,-20°C,-20,,,
GREAT POWER,Discharge,40%,-20°C,-20,,,
GREAT POWER,Discharge,50%,-20°C,-20,,,
GREAT POWER,Discharge,60%,-20°C,-20,,,
GREAT POWER,Discharge,70%,-20°C,-20,,,
GREAT POWER,Discharge,80%,-20°C,-20,,,
GREAT POWER,Discharge,90%,-20°C,-20,,,
GREAT POWER,Discharge,10%,-10°C,-10,,,
GREAT POWER,Discharge,20%,-10°C,-10,,,
GREAT POWER,Discharge,30%,-10°C,-10,,,
GREAT POWER,Discharge,40%,-10°C,-10,,,
GREAT POWER,Discharge,50%,-10°C,-10,,,
GREAT POWER,Discharge,60%,-10°C,-10,,,
GREAT POWER,Discharge,70%,-10°C,-10,,,
GREAT POWER,Discharge,80%,-10°C,-10,,,
GREAT POWER,Discharge,90%,-10°C,-10,,,
GREAT POWER,Discharge,10%,0°C,0,,,
GREAT POWER,Discharge,20%,0°C,0,,,
GREAT POWER,Discharge,30%,0°C,0,,,
GREAT POWER,Discharge,40%,0°C,0,,,
GREAT POWER,Discharge,50%,0°C,0,,,
GREAT POWER,Discharge,60%,0°C,0,,,
GREAT POWER,Discharge,70%,0°C,0,,,
GREAT POWER,Discharge,80%,0°C,0,,,
GREAT POWER,Discharge,90%,0°C,0,,,
GREAT POWER,Discharge,10%,25°C,25,,,
GREAT POWER,Discharge,20%,25°C,25,,,
GREAT POWER,Discharge,30%,25°C,25,,,
GREAT POWER,Discharge,40%,25°C,25,,,
GREAT POWER,Discharge,50%,25°C,25,,,
GREAT POWER,Discharge,60%,25°C,25,,,
GREAT POWER,Discharge,70%,25°C,25,,,
GREAT POWER,Discharge,80%,25°C,25,,,
GREAT POWER,Discharge,90%,25°C,25,,,
GREAT POWER,Discharge,10%,45°C,45,,,
GREAT POWER,Discharge,20%,45°C,45,,,
GREAT POWER,Discharge,30%,45°C,45,,,
GREAT POWER,Discharge,40%,45°C,45,,,
GREAT POWER,Discharge,50%,45°C,45,,,
GREAT POWER,Discharge,60%,45°C,45,,,
GREAT POWER,Discharge,70%,45°C,45,,,
GREAT POWER,Discharge,80%,45°C,45,,,
GREAT POWER,Discharge,90%,45°C,45,,,
GREAT POWER,Charge,10%,-20°C,-20,,,
GREAT POWER,Charge,20%,-20°C,-20,,,
GREAT POWER,Charge,30%,-20°C,-20,,,
GREAT POWER,Charge,40%,-20°C,-20,,,
GREAT POWER,Charge,50%,-20°C,-20,,,
GREAT POWER,Charge,60%,-20°C,-20,,,
GREAT POWER,Charge,70%,-20°C,-20,,,
GREAT POWER,Charge,80%,-20°C,-20,,,
GREAT POWER,Charge,90%,-20°C,-20,,,
GREAT POWER,Charge,10%,-10°C,-10,,,
GREAT POWER,Charge,20%,-10°C,-10,,,
GREAT POWER,Charge,30%,-10°C,-10,,,
GREAT POWER,Charge,40%,-10°C,-10,,,
GREAT POWER,Charge,50%,-10°C,-10,,,
GREAT POWER,Charge,60%,-10°C,-10,,,
GREAT POWER,Charge,70%,-10°C,-10,,,
GREAT POWER,Charge,80%,-10°C,-10,,,
GREAT POWER,Charge,90%,-10°C,-10,,,
GREAT POWER,Charge,10%,0°C,0,,,
GREAT POWER,Charge,20%,0°C,0,,,
GREAT POWER,Charge,30%,0°C,0,,,
GREAT POWER,Charge,40%,0°C,0,,,
GREAT POWER,Charge,50%,0°C,0,,,
GREAT POWER,Charge,60%,0°C,0,,,
GREAT POWER,Charge,70%,0°C,0,,,
GREAT POWER,Charge,80%,0°C,0,,,
GREAT POWER,Charge,90%,0°C,0,,,
GREAT POWER,Charge,10%,25°C,25,,,
GREAT POWER,Charge,20%,25°C,25,,,
GREAT POWER,Charge,30%,25°C,25,,,
GREAT POWER,Charge,40%,25°C,25,,,
GREAT POWER,Charge,50%,25°C,25,,,
GREAT POWER,Charge,60%,25°C,25,,,
GREAT POWER,Charge,70%,25°C,25,,,
GREAT POWER,Charge,80%,25°C,25,,,
GREAT POWER,Charge,90%,25°C,25,,,
GREAT POWER,Charge,10%,45°C,45,,,
GREAT POWER,Charge,20%,45°C,45,,,
GREAT POWER,Charge,30%,45°C,45,,,
GREAT POWER,Charge,40%,45°C,45,,,
GREAT POWER,Charge,50%,45°C,45,,,
GREAT POWER,Charge,60%,45°C,45,,,
GREAT POWER,Charge,70%,45°C,45,,,
GREAT POWER,Charge,80%,45°C,45,,,
GREAT POWER,Charge,90%,45°C,45,,,
CORNEX,Discharge,0.1,-20°C,-20,,,
CORNEX,Discharge,20%,-20°C,-20,,,
CORNEX,Discharge,30%,-20°C,-20,,,
CORNEX,Discharge,40%,-20°C,-20,,,
CORNEX,Discharge,50%,-20°C,-20,,,
CORNEX,Discharge,60%,-20°C,-20,,,
CORNEX,Discharge,70%,-20°C,-20,,,
CORNEX,Discharge,80%,-20°C,-20,,,
CORNEX,Discharge,90%,-20°C,-20,,,
CORNEX,Discharge,0.1,-10°C,-10,,,
CORNEX,Discharge,20%,-10°C,-10,,,
CORNEX,Discharge,30%,-10°C,-10,,,
CORNEX,Discharge,40%,-10°C,-10,,,
CORNEX,Discharge,50%,-10°C,-10,,,
CORNEX,Discharge,60%,-10°C,-10,,,
CORNEX,Discharge,70%,-10°C,-10,,,
CORNEX,Discharge,80%,-10°C,-10,,,
CORNEX,Discharge,90%,-10°C,-10,,,
CORNEX,Discharge,0.1,0°C,0,,,
CORNEX,Discharge,20%,0°C,0,,,
CORNEX,Discharge,30%,0°C,0,,,
CORNEX,Discharge,40%,0°C,0,,,
CORNEX,Discharge,50%,0°C,0,,,
CORNEX,Discharge,60%,0°C,0,,,
CORNEX,Discharge,70%,0°C,0,,,
CORNEX,Discharge,80%,0°C,0,,,
CORNEX,Discharge,90%,0°C,0,,,
CORNEX,Discharge,0.1,25°C,25,0.5561,,
CORNEX,Discharge,20%,25°C,25,0.5073,,
CORNEX,Discharge,30%,25°C,25,0.4783,,
CORNEX,Discharge,40%,25°C,25,0.4563,,
CORNEX,Discharge,50%,25°C,25,0.4392,,
CORNEX,Discharge,60%,25°C,25,0.443,,
CORNEX,Discharge,70%,25°C,25,0.4592,,
CORNEX,Discharge,80%,25°C,25,0.4375,,
CORNEX,Discharge,90%,25°C,25,0.4156,,
CORNEX,Discharge,0.1,45°C,45,,,
CORNEX,Discharge,20%,45°C,45,,,
CORNEX,Discharge,30%,45°C,45,,,
CORNEX,Discharge,40%,45°C,45,,,
CORNEX,Discharge,50%,45°C,45,,,
CORNEX,Discharge,60%,45°C,45,,,
CORNEX,Discharge,70%,45°C,45,,,
CORNEX,Discharge,80%,45°C,45,,,
CORNEX,Discharge,90%,45°C,45,,,
CORNEX,Charge,10%,-20°C,-20,,,
CORNEX,Charge,20%,-20°C,-20,,,
CORNEX,Charge,30%,-20°C,-20,,,
CORNEX,Charge,40%,-20°C,-20,,,
CORNEX,Charge,50%,-20°C,-20,,,
CORNEX,Charge,60%,-20°C,-20,,,
CORNEX,Charge,70%,-20°C,-20,,,
CORNEX,Charge,80%,-20°C,-20,,,
CORNEX,Charge,90%,-20°C,-20,,,
CORNEX,Charge,10%,-10°C,-10,,,
CORNEX,Charge,20%,-10°C,-10,,,
CORNEX,Charge,30%,-10°C,-10,,,
CORNEX,Charge,40%,-10°C,-10,,,
CORNEX,Charge,50%,-10°C,-10,,,
CORNEX,Charge,60%,-10°C,-10,,,
CORNEX,Charge,70%,-10°C,-10,,,
CORNEX,Charge,80%,-10°C,-10,,,
CORNEX,Charge,90%,-10°C,-10,,,
CORNEX,Charge,10%,0°C,0,,,
CORNEX,Charge,20%,0°C,0,,,
CORNEX,Charge,30%,0°C,0,,,
CORNEX,Charge,40%,0°C,0,,,
CORNEX,Charge,50%,0°C,0,,,
CORNEX,Charge,60%,0°C,0,,,
CORNEX,Charge,70%,0°C,0,,,
CORNEX,Charge,80%,0°C,0,,,
CORNEX,Charge,90%,0°C,0,,,
CORNEX,Charge,10%,25°C,25,0.3486,,
CORNEX,Charge,20%,25°C,25,0.3582,,
CORNEX,Charge,30%,25°C,25,0.3502,,
CORNEX,Charge,40%,25°C,25,0.3445,,
CORNEX,Charge,50%,25°C,25,0.3429,,
CORNEX,Charge,60%,25°C,25,0.3715,,
CORNEX,Charge,70%,25°C,25,0.3503,,
CORNEX,Charge,80%,25°C,25,0.3518,,
CORNEX,Charge,90%,25°C,25,0.356,,
CORNEX,Charge,10%,45°C,45,,,
CORNEX,Charge,20%,45°C,45,,,
CORNEX,Charge,30%,45°C,45,,,
CORNEX,Charge,40%,45°C,45,,,
CORNEX,Charge,50%,45°C,45,,,
CORNEX,Charge,60%,45°C,45,,,
CORNEX,Charge,70%,45°C,45,,,
CORNEX,Charge,80%,45°C,45,,,
CORNEX,Charge,90%,45°C,45,,,
Tianneng Energy,Discharge,10%,-20°C,-20,,,
Tianneng Energy,Discharge,20%,-20°C,-20,,,
Tianneng Energy,Discharge,30%,-20°C,-20,,,
Tianneng Energy,Discharge,40%,-20°C,-20,,,
Tianneng Energy,Discharge,50%,-20°C,-20,,,
Tianneng Energy,Discharge,60%,-20°C,-20,,,
Tianneng Energy,Discharge,70%,-20°C,-20,,,
Tianneng Energy,Discharge,80%,-20°C,-20,,,
Tianneng Energy,Discharge,90%,-20°C,-20,,,
Tianneng Energy,Discharge,10%,-10°C,-10,,,
Tianneng Energy,Discharge,20%,-10°C,-10,,,
Tianneng Energy,Discharge,30%,-10°C,-10,,,
Tianneng Energy,Discharge,40%,-10°C,-10,,,
Tianneng Energy,Discharge,50%,-10°C,-10,,,
Tianneng Energy,Discharge,60%,-10°C,-10,,,
Tianneng Energy,Discharge,70%,-10°C,-10,,,
Tianneng Energy,Discharge,80%,-10°C,-10,,,
Tianneng Energy,Discharge,90%,-10°C,-10,,,
Tianneng Energy,Discharge,10%,0°C,0,,,
Tianneng Energy,Discharge,20%,0°C,0,,,
Tianneng Energy,Discharge,30%,0°C,0,,,
Tianneng Energy,Discharge,40%,0°C,0,,,
Tianneng Energy,Discharge,50%,0°C,0,,,
Tianneng Energy,Discharge,60%,0°C,0,,,
Tianneng Energy,Discharge,70%,0°C,0,,,
Tianneng Energy,Discharge,80%,0°C,0,,,
Tianneng Energy,Discharge,90%,0°C,0,,,
Tianneng Energy,Discharge,10%,25°C,25,,,
Tianneng Energy,Discharge,20%,25°C,25,,,
Tianneng Energy,Discharge,30%,25°C,25,,,
Tianneng Energy,Discharge,40%,25°C,25,,,
Tianneng Energy,Discharge,50%,25°C,25,,,
Tianneng Energy,Discharge,60%,25°C,25,,,
Tianneng Energy,Discharge,70%,25°C,25,,,
Tianneng Energy,Discharge,80%,25°C,25,,,
Tianneng Energy,Discharge,90%,25°C,25,,,
Tianneng Energy,Discharge,10%,45°C,45,,,
Tianneng Energy,Discharge,20%,45°C,45,,,
Tianneng Energy,Discharge,30%,45°C,45,,,
Tianneng Energy,Discharge,40%,45°C,45,,,
Tianneng Energy,Discharge,50%,45°C,45,,,
Tianneng Energy,Discharge,60%,45°C,45,,,
Tianneng Energy,Discharge,70%,45°C,45,,,
Tianneng Energy,Discharge,80%,45°C,45,,,
Tianneng Energy,Discharge,90%,45°C,45,,,
Tianneng Energy,Charge,10%,-20°C,-20,,,
Tianneng Energy,Charge,20%,-20°C,-20,,,
Tianneng Energy,Charge,30%,-20°C,-20,,,
Tianneng Energy,Charge,40%,-20°C,-20,,,
Tianneng Energy,Charge,50%,-20°C,-20,,,
Tianneng Energy,Charge,60%,-20°C,-20,,,
Tianneng Energy,Charge,70%,-20°C,-20,,,
Tianneng Energy,Charge,80%,-20°C,-20,,,
Tianneng Energy,Charge,90%,-20°C,-20,,,
Tianneng Energy,Charge,10%,-10°C,-10,,,
Tianneng Energy,Charge,20%,-10°C,-10,,,
Tianneng Energy,Charge,30%,-10°C,-10,,,
Tianneng Energy,Charge,40%,-10°C,-10,,,
Tianneng Energy,Charge,50%,-10°C,-10,,,
Tianneng Energy,Charge,60%,-10°C,-10,,,
Tianneng Energy,Charge,70%,-10°C,-10,,,
Tianneng Energy,Charge,80%,-10°C,-10,,,
Tianneng Energy,Charge,90%,-10°C,-10,,,
Tianneng Energy,Charge,10%,0°C,0,,,
Tianneng Energy,Charge,20%,0°C,0,,,
Tianneng Energy,Charge,30%,0°C,0,,,
Tianneng Energy,Charge,40%,0°C,0,,,
Tianneng Energy,Charge,50%,0°C,0,,,
Tianneng Energy,Charge,60%,0°C,0,,,
Tianneng Energy,Charge,70%,0°C,0,,,
Tianneng Energy,Charge,80%,0°C,0,,,
Tianneng Energy,Charge,90%,0°C,0,,,
Tianneng Energy,Charge,10%,25°C,25,,,
Tianneng Energy,Charge,20%,25°C,25,,,
Tianneng Energy,Charge,30%,25°C,25,,,
Tianneng Energy,Charge,40%,25°C,25,,,
Tianneng Energy,Charge,50%,25°C,25,,,
Tianneng Energy,Charge,60%,25°C,25,,,
Tianneng Energy,Charge,70%,25°C,25,,,
Tianneng Energy,Charge,80%,25°C,25,,,
Tianneng Energy,Charge,90%,25°C,25,,,
Tianneng Energy,Charge,10%,45°C,45,,,
Tianneng Energy,Charge,20%,45°C,45,,,
Tianneng Energy,Charge,30%,45°C,45,,,
Tianneng Energy,Charge,40%,45°C,45,,,
Tianneng Energy,Charge,50%,45°C,45,,,
Tianneng Energy,Charge,60%,45°C,45,,,
Tianneng Energy,Charge,70%,45°C,45,,,
Tianneng Energy,Charge,80%,45°C,45,,,
Tianneng Energy,Charge,90%,45°C,45,,,
REPT,Discharge,10%,-20°C,-20,,,
REPT,Discharge,20%,-20°C,-20,,,
REPT,Discharge,30%,-20°C,-20,,,
REPT,Discharge,40%,-20°C,-20,,,
REPT,Discharge,50%,-20°C,-20,,,
REPT,Discharge,60%,-20°C,-20,,,
REPT,Discharge,70%,-20°C,-20,,,
REPT,Discharge,80%,-20°C,-20,,,
REPT,Discharge,90%,-20°C,-20,,,
REPT,Discharge,10%,-10°C,-10,,,
REPT,Discharge,20%,-10°C,-10,,,
REPT,Discharge,30%,-10°C,-10,,,
REPT,Discharge,40%,-10°C,-10,,,
REPT,Discharge,50%,-10°C,-10,,,
REPT,Discharge,60%,-10°C,-10,,,
REPT,Discharge,70%,-10°C,-10,,,
REPT,Discharge,80%,-10°C,-10,,,
REPT,Discharge,90%,-10°C,-10,,,
REPT,Discharge,10%,0°C,0,,,
REPT,Discharge,20%,0°C,0,,,
REPT,Discharge,30%,0°C,0,,,
REPT,Discharge,40%,0°C,0,,,
REPT,Discharge,50%,0°C,0,,,
REPT,Discharge,60%,0°C,0,,,
REPT,Discharge,70%,0°C,0,,,
REPT,Discharge,80%,0°C,0,,,
REPT,Discharge,90%,0°C,0,,,
REPT,Discharge,10%,25°C,25,,,
REPT,Discharge,20%,25°C,25,,,
REPT,Discharge,30%,25°C,25,,,
REPT,Discharge,40%,25°C,25,,,
REPT,Discharge,50%,25°C,25,,,
REPT,Discharge,60%,25°C,25,,,
REPT,Discharge,70%,25°C,25,,,
REPT,Discharge,80%,25°C,25,,,
REPT,Discharge,90%,25°C,25,,,
REPT,Discharge,10%,45°C,45,,,
REPT,Discharge,20%,45°C,45,,,
REPT,Discharge,30%,45°C,45,,,
REPT,Discharge,40%,45°C,45,,,
REPT,Discharge,50%,45°C,45,,,
REPT,Discharge,60%,45°C,45,,,
REPT,Discharge,70%,45°C,45,,,
REPT,Discharge,80%,45°C,45,,,
REPT,Discharge,90%,45°C,45,,,
REPT,Charge,10%,-20°C,-20,,,
REPT,Charge,20%,-20°C,-20,,,
REPT,Charge,30%,-20°C,-20,,,
REPT,Charge,40%,-20°C,-20,,,
REPT,Charge,50%,-20°C,-20,,,
REPT,Charge,60%,-20°C,-20,,,
REPT,Charge,70%,-20°C,-20,,,
REPT,Charge,80%,-20°C,-20,,,
REPT,Charge,90%,-20°C,-20,,,
REPT,Charge,10%,-10°C,-10,,,
REPT,Charge,20%,-10°C,-10,,,
REPT,Charge,30%,-10°C,-10,,,
REPT,Charge,40%,-10°C,-10,,,
REPT,Charge,50%,-10°C,-10,,,
REPT,Charge,60%,-10°C,-10,,,
REPT,Charge,70%,-10°C,-10,,,
REPT,Charge,80%,-10°C,-10,,,
REPT,Charge,90%,-10°C,-10,,,
REPT,Charge,10%,0°C,0,,,
REPT,Charge,20%,0°C,0,,,
REPT,Charge,30%,0°C,0,,,
REPT,Charge,40%,0°C,0,,,
REPT,Charge,50%,0°C,0,,,
REPT,Charge,60%,0°C,0,,,
REPT,Charge,70%,0°C,0,,,
REPT,Charge,80%,0°C,0,,,
REPT,Charge,90%,0°C,0,,,
REPT,Charge,10%,25°C,25,,,
REPT,Charge,20%,25°C,25,,,
REPT,Charge,30%,25°C,25,,,
REPT,Charge,40%,25°C,25,,,
REPT,Charge,50%,25°C,25,,,
REPT,Charge,60%,25°C,25,,,
REPT,Charge,70%,25°C,25,,,
REPT,Charge,80%,25°C,25,,,
REPT,Charge,90%,25°C,25,,,
REPT,Charge,10%,45°C,45,,,
REPT,Charge,20%,45°C,45,,,
REPT,Charge,30%,45°C,45,,,
REPT,Charge,40%,45°C,45,,,
REPT,Charge,50%,45°C,45,,,
REPT,Charge,60%,45°C,45,,,
REPT,Charge,70%,45°C,45,,,
REPT,Charge,80%,45°C,45,,,
REPT,Charge,90%,45°C,45,,,
NETC,Discharge,10%,-20°C,-20,,,
NETC,Discharge,20%,-20°C,-20,,,
NETC,Discharge,30%,-20°C,-20,,,
NETC,Discharge,40%,-20°C,-20,,,
NETC,Discharge,50%,-20°C,-20,,,
NETC,Discharge,60%,-20°C,-20,,,
NETC,Discharge,70%,-20°C,-20,,,
NETC,Discharge,80%,-20°C,-20,,,
NETC,Discharge,90%,-20°C,-20,,,
NETC,Discharge,10%,-10°C,-10,,,
NETC,Discharge,20%,-10°C,-10,,,
NETC,Discharge,30%,-10°C,-10,,,
NETC,Discharge,40%,-10°C,-10,,,
NETC,Discharge,50%,-10°C,-10,,,
NETC,Discharge,60%,-10°C,-10,,,
NETC,Discharge,70%,-10°C,-10,,,
NETC,Discharge,80%,-10°C,-10,,,
NETC,Discharge,90%,-10°C,-10,,,
NETC,Discharge,10%,0°C,0,,,
NETC,Discharge,20%,0°C,0,,,
NETC,Discharge,30%,0°C,0,,,
NETC,Discharge,40%,0°C,0,,,
NETC,Discharge,50%,0°C,0,,,
NETC,Discharge,60%,0°C,0,,,
NETC,Discharge,70%,0°C,0,,,
NETC,Discharge,80%,0°C,0,,,
NETC,Discharge,90%,0°C,0,,,
NETC,Discharge,10%,25°C,25,,,
NETC,Discharge,20%,25°C,25,,,
NETC,Discharge,30%,25°C,25,,,
NETC,Discharge,40%,25°C,25,,,
NETC,Discharge,50%,25°C,25,,,
NETC,Discharge,60%,25°C,25,,,
NETC,Discharge,70%,25°C,25,,,
NETC,Discharge,80%,25°C,25,,,
NETC,Discharge,90%,25°C,25,,,
NETC,Discharge,10%,45°C,45,,,
NETC,Discharge,20%,45°C,45,,,
NETC,Discharge,30%,45°C,45,,,
NETC,Discharge,40%,45°C,45,,,
NETC,Discharge,50%,45°C,45,,,
NETC,Discharge,60%,45°C,45,,,
NETC,Discharge,70%,45°C,45,,,
NETC,Discharge,80%,45°C,45,,,
NETC,Discharge,90%,45°C,45,,,
NETC,Charge,10%,-20°C,-20,,,
NETC,Charge,20%,-20°C,-20,,,
NETC,Charge,30%,-20°C,-20,,,
NETC,Charge,40%,-20°C,-20,,,
NETC,Charge,50%,-20°C,-20,,,
NETC,Charge,60%,-20°C,-20,,,
NETC,Charge,70%,-20°C,-20,,,
NETC,Charge,80%,-20°C,-20,,,
NETC,Charge,90%,-20°C,-20,,,
NETC,Charge,10%,-10°C,-10,,,
NETC,Charge,20%,-10°C,-10,,,
NETC,Charge,30%,-10°C,-10,,,
NETC,Charge,40%,-10°C,-10,,,
NETC,Charge,50%,-10°C,-10,,,
NETC,Charge,60%,-10°C,-10,,,
NETC,Charge,70%,-10°C,-10,,,
NETC,Charge,80%,-10°C,-10,,,
NETC,Charge,90%,-10°C,-10,,,
NETC,Charge,10%,0°C,0,,,
NETC,Charge,20%,0°C,0,,,
NETC,Charge,30%,0°C,0,,,
NETC,Charge,40%,0°C,0,,,
NETC,Charge,50%,0°C,0,,,
NETC,Charge,60%,0°C,0,,,
NETC,Charge,70%,0°C,0,,,
NETC,Charge,80%,0°C,0,,,
NETC,Charge,90%,0°C,0,,,
NETC,Charge,10%,25°C,25,,,
NETC,Charge,20%,25°C,25,,,
NETC,Charge,30%,25°C,25,,,
NETC,Charge,40%,25°C,25,,,
NETC,Charge,50%,25°C,25,,,
NETC,Charge,60%,25°C,25,,,
NETC,Charge,70%,25°C,25,,,
NETC,Charge,80%,25°C,25,,,
NETC,Charge,90%,25°C,25,,,
NETC,Charge,10%,45°C,45,,,
NETC,Charge,20%,45°C,45,,,
NETC,Charge,30%,45°C,45,,,
NETC,Charge,40%,45°C,45,,,
NETC,Charge,50%,45°C,45,,,
NETC,Charge,60%,45°C,45,,,
NETC,Charge,70%,45°C,45,,,
NETC,Charge,80%,45°C,45,,,
NETC,Charge,90%,45°C,45,,,
CNET - Lishen,Discharge,10%,-20°C,-20,,,
CNET - Lishen,Discharge,20%,-20°C,-20,,,
CNET - Lishen,Discharge,30%,-20°C,-20,,,
CNET - Lishen,Discharge,40%,-20°C,-20,,,
CNET - Lishen,Discharge,50%,-20°C,-20,,,
CNET - Lishen,Discharge,60%,-20°C,-20,,,
CNET - Lishen,Discharge,70%,-20°C,-20,,,
CNET - Lishen,Discharge,80%,-20°C,-20,,,
CNET - Lishen,Discharge,90%,-20°C,-20,,,
CNET - Lishen,Discharge,10%,-10°C,-10,,,
CNET - Lishen,Discharge,20%,-10°C,-10,,,
CNET - Lishen,Discharge,30%,-10°C,-10,,,
CNET - Lishen,Discharge,40%,-10°C,-10,,,
CNET - Lishen,Discharge,50%,-10°C,-10,,,
CNET - Lishen,Discharge,60%,-10°C,-10,,,
CNET - Lishen,Discharge,70%,-10°C,-10,,,
CNET - Lishen,Discharge,80%,-10°C,-10,,,
CNET - Lishen,Discharge,90%,-10°C,-10,,,
CNET - Lishen,Discharge,10%,0°C,0,,,
CNET - Lishen,Discharge,20%,0°C,0,,,
CNET - Lishen,Discharge,30%,0°C,0,,,
CNET - Lishen,Discharge,40%,0°C,0,,,
CNET - Lishen,Discharge,50%,0°C,0,,,
CNET - Lishen,Discharge,60%,0°C,0,,,
CNET - Lishen,Discharge,70%,0°C,0,,,
CNET - Lishen,Discharge,80%,0°C,0,,,
CNET - Lishen,Discharge,90%,0°C,0,,,
CNET - Lishen,Discharge,10%,25°C,25,,,
CNET - Lishen,Discharge,20%,25°C,25,,,
CNET - Lishen,Discharge,30%,25°C,25,,,
CNET - Lishen,Discharge,40%,25°C,25,,,
CNET - Lishen,Discharge,50%,25°C,25,,,
CNET - Lishen,Discharge,60%,25°C,25,,,
CNET - Lishen,Discharge,70%,25°C,25,,,
CNET - Lishen,Discharge,80%,25°C,25,,,
CNET - Lishen,Discharge,90%,25°C,25,,,
CNET - Lishen,Discharge,10%,45°C,45,,,
CNET - Lishen,Discharge,20%,45°C,45,,,
CNET - Lishen,Discharge,30%,45°C,45,,,
CNET - Lishen,Discharge,40%,45°C,45,,,
CNET - Lishen,Discharge,50%,45°C,45,,,
CNET - Lishen,Discharge,60%,45°C,45,,,
CNET - Lishen,Discharge,70%,45°C,45,,,
CNET - Lishen,Discharge,80%,45°C,45,,,
CNET - Lishen,Discharge,90%,45°C,45,,,
CNET - Lishen,Charge,10%,-20°C,-20,,,
CNET - Lishen,Charge,20%,-20°C,-20,,,
CNET - Lishen,Charge,30%,-20°C,-20,,,
CNET - Lishen,Charge,40%,-20°C,-20,,,
CNET - Lishen,Charge,50%,-20°C,-20,,,
CNET - Lishen,Charge,60%,-20°C,-20,,,
CNET - Lishen,Charge,70%,-20°C,-20,,,
CNET - Lishen,Charge,80%,-20°C,-20,,,
CNET - Lishen,Charge,90%,-20°C,-20,,,
CNET - Lishen,Charge,10%,-10°C,-10,,,
CNET - Lishen,Charge,20%,-10°C,-10,,,
CNET - Lishen,Charge,30%,-10°C,-10,,,
CNET - Lishen,Charge,40%,-10°C,-10,,,
CNET - Lishen,Charge,50%,-10°C,-10,,,
CNET - Lishen,Charge,60%,-10°C,-10,,,
CNET - Lishen,Charge,70%,-10°C,-10,,,
CNET - Lishen,Charge,80%,-10°C,-10,,,
CNET - Lishen,Charge,90%,-10°C,-10,,,
CNET - Lishen,Charge,10%,0°C,0,,,
CNET - Lishen,Charge,20%,0°C,0,,,
CNET - Lishen,Charge,30%,0°C,0,,,
CNET - Lishen,Charge,40%,0°C,0,,,
CNET - Lishen,Charge,50%,0°C,0,,,
CNET - Lishen,Charge,60%,0°C,0,,,
CNET - Lishen,Charge,70%,0°C,0,,,
CNET - Lishen,Charge,80%,0°C,0,,,
CNET - Lishen,Charge,90%,0°C,0,,,
CNET - Lishen,Charge,10%,25°C,25,,,
CNET - Lishen,Charge,20%,25°C,25,,,
CNET - Lishen,Charge,30%,25°C,25,,,
CNET - Lishen,Charge,40%,25°C,25,,,
CNET - Lishen,Charge,50%,25°C,25,,,
CNET - Lishen,Charge,60%,25°C,25,,,
CNET - Lishen,Charge,70%,25°C,25,,,
CNET - Lishen,Charge,80%,25°C,25,,,
CNET - Lishen,Charge,90%,25°C,25,,,
CNET - Lishen,Charge,10%,45°C,45,,,
CNET - Lishen,Charge,20%,45°C,45,,,
CNET - Lishen,Charge,30%,45°C,45,,,
CNET - Lishen,Charge,40%,45°C,45,,,
CNET - Lishen,Charge,50%,45°C,45,,,
CNET - Lishen,Charge,60%,45°C,45,,,
CNET - Lishen,Charge,70%,45°C,45,,,
CNET - Lishen,Charge,80%,45°C,45,,,
CNET - Lishen,Charge,90%,45°C,45,,,
Gotion,Discharge,10%,-20°C,-20,,,
Gotion,Discharge,20%,-20°C,-20,,,
Gotion,Discharge,30%,-20°C,-20,,,
Gotion,Discharge,40%,-20°C,-20,,,
Gotion,Discharge,50%,-20°C,-20,,,
Gotion,Discharge,60%,-20°C,-20,,,
Gotion,Discharge,70%,-20°C,-20,,,
Gotion,Discharge,80%,-20°C,-20,,,
Gotion,Discharge,90%,-20°C,-20,,,
Gotion,Discharge,10%,-10°C,-10,,,
Gotion,Discharge,20%,-10°C,-10,,,
Gotion,Discharge,30%,-10°C,-10,,,
Gotion,Discharge,40%,-10°C,-10,,,
Gotion,Discharge,50%,-10°C,-10,,,
Gotion,Discharge,60%,-10°C,-10,,,
Gotion,Discharge,70%,-10°C,-10,,,
Gotion,Discharge,80%,-10°C,-10,,,
Gotion,Discharge,90%,-10°C,-10,,,
Gotion,Discharge,10%,0°C,0,,,
Gotion,Discharge,20%,0°C,0,,,
Gotion,Discharge,30%,0°C,0,,,
Gotion,Discharge,40%,0°C,0,,,
Gotion,Discharge,50%,0°C,0,,,
Gotion,Discharge,60%,0°C,0,,,
Gotion,Discharge,70%,0°C,0,,,
Gotion,Discharge,80%,0°C,0,,,
Gotion,Discharge,90%,0°C,0,,,
Gotion,Discharge,10%,25°C,25,,,
Gotion,Discharge,20%,25°C,25,,,
Gotion,Discharge,30%,25°C,25,,,
Gotion,Discharge,40%,25°C,25,,,
Gotion,Discharge,50%,25°C,25,,,
Gotion,Discharge,60%,25°C,25,,,
Gotion,Discharge,70%,25°C,25,,,
Gotion,Discharge,80%,25°C,25,,,
Gotion,Discharge,90%,25°C,25,,,
Gotion,Discharge,10%,45°C,45,,,
Gotion,Discharge,20%,45°C,45,,,
Gotion,Discharge,30%,45°C,45,,,
Gotion,Discharge,40%,45°C,45,,,
Gotion,Discharge,50%,45°C,45,,,
Gotion,Discharge,60%,45°C,45,,,
Gotion,Discharge,70%,45°C,45,,,
Gotion,Discharge,80%,45°C,45,,,
Gotion,Discharge,90%,45°C,45,,,
Gotion,Charge,10%,-20°C,-20,,,
Gotion,Charge,20%,-20°C,-20,,,
Gotion,Charge,30%,-20°C,-20,,,
Gotion,Charge,40%,-20°C,-20,,,
Gotion,Charge,50%,-20°C,-20,,,
Gotion,Charge,60%,-20°C,-20,,,
Gotion,Charge,70%,-20°C,-20,,,
Gotion,Charge,80%,-20°C,-20,,,
Gotion,Charge,90%,-20°C,-20,,,
Gotion,Charge,10%,-10°C,-10,,,
Gotion,Charge,20%,-10°C,-10,,,
Gotion,Charge,30%,-10°C,-10,,,
Gotion,Charge,40%,-10°C,-10,,,
Gotion,Charge,50%,-10°C,-10,,,
Gotion,Charge,60%,-10°C,-10,,,
Gotion,Charge,70%,-10°C,-10,,,
Gotion,Charge,80%,-10°C,-10,,,
Gotion,Charge,90%,-10°C,-10,,,
Gotion,Charge,10%,0°C,0,,,
Gotion,Charge,20%,0°C,0,,,
Gotion,Charge,30%,0°C,0,,,
Gotion,Charge,40%,0°C,0,,,
Gotion,Charge,50%,0°C,0,,,
Gotion,Charge,60%,0°C,0,,,
Gotion,Charge,70%,0°C,0,,,
Gotion,Charge,80%,0°C,0,,,
Gotion,Charge,90%,0°C,0,,,
Gotion,Charge,10%,25°C,25,,,
Gotion,Charge,20%,25°C,25,,,
Gotion,Charge,30%,25°C,25,,,
Gotion,Charge,40%,25°C,25,,,
Gotion,Charge,50%,25°C,25,,,
Gotion,Charge,60%,25°C,25,,,
Gotion,Charge,70%,25°C,25,,,
Gotion,Charge,80%,25°C,25,,,
Gotion,Charge,90%,25°C,25,,,
Gotion,Charge,10%,45°C,45,,,
Gotion,Charge,20%,45°C,45,,,
Gotion,Charge,30%,45°C,45,,,
Gotion,Charge,40%,45°C,45,,,
Gotion,Charge,50%,45°C,45,,,
Gotion,Charge,60%,45°C,45,,,
Gotion,Charge,70%,45°C,45,,,
Gotion,Charge,80%,45°C,45,,,
Gotion,Charge,90%,45°C,45,,,
